,id,created_utc
0,cy4z59,1567307694
1,cy3oq2,1567300002
2,cy39hr,1567297543
3,cxyrjk,1567275595
4,cxxvr4,1567271554
5,cxxszi,1567271160
6,cxxk7o,1567269681
7,cxx1td,1567266686
8,cxwwoj,1567265867
9,cxv04g,1567251448
10,cxsmmn,1567232468
11,cxsbnn,1567230198
12,cxruwh,1567226891
13,cxr1j9,1567221514
14,cxqkrv,1567218684
15,cxpr85,1567213882
16,cxppy5,1567213671
17,cxox2a,1567209156
18,cxond1,1567207714
19,cxob4c,1567205944
20,cxn2py,1567199905
21,cxko5q,1567188746
22,cxkbby,1567187139
23,cxjvxp,1567185225
24,cxjkzx,1567183871
25,cxj4e1,1567181787
26,cxj47b,1567181759
27,cxi8qx,1567177864
28,cxhvp9,1567176205
29,cxhpn6,1567175417
30,cxhkvp,1567174762
31,cxh11f,1567172164
32,cxg88z,1567168094
33,cxg1z7,1567167121
34,cxfq13,1567165183
35,cxfjoc,1567164077
36,cxfe4y,1567163141
37,cxe33f,1567153907
38,cxdiwm,1567149514
39,cxdi5a,1567149377
40,cxd56g,1567146717
41,cxcsa6,1567144200
42,cxc9zb,1567140853
43,cxa9zf,1567129239
44,cxa60b,1567128644
45,cxa3p1,1567128289
46,cx9k5q,1567125405
47,cx9iq5,1567125200
48,cx98qr,1567123769
49,cx8xut,1567122170
50,cx8um0,1567121727
51,cx8sig,1567121435
52,cx8fl2,1567119682
53,cx8599,1567118302
54,cx80ac,1567117645
55,cx7q2e,1567116366
56,cx7gy1,1567115248
57,cx6c9k,1567110183
58,cx66xh,1567109525
59,cx5dwe,1567105909
60,cx5czk,1567105787
61,cx5916,1567105300
62,cx548i,1567104670
63,cx51nf,1567104352
64,cx4nk2,1567102596
65,cx3hkz,1567097321
66,cx3gjv,1567097180
67,cx3gdm,1567097157
68,cx36s6,1567095926
69,cx1dbg,1567087481
70,cx0wgq,1567085133
71,cx0hdj,1567083025
72,cx0g6q,1567082870
73,cx09a0,1567081893
74,cwzz6k,1567080354
75,cwzug4,1567079617
76,cwzpp9,1567078853
77,cwye8j,1567070125
78,cwycit,1567069772
79,cwy1hl,1567067476
80,cwwstj,1567058312
81,cwwrzo,1567058149
82,cww4k6,1567053756
83,cwvyl4,1567052666
84,cwvwq0,1567052352
85,cwvs3e,1567051546
86,cwu6be,1567042580
87,cwtz0b,1567041526
88,cwtcxm,1567038368
89,cwsuyv,1567035743
90,cws7gm,1567032541
91,cwql6x,1567025114
92,cwpy1s,1567022263
93,cwozuc,1567018009
94,cwoldu,1567016196
95,cwo002,1567013538
96,cwny86,1567013317
97,cwnsks,1567012626
98,cwn5wp,1567009781
99,cwn0h1,1567009103
100,cwmp6o,1567007723
101,cwmmdg,1567007374
102,cwmlu0,1567007302
103,cwmk9g,1567007093
104,cwmcgf,1567006106
105,cwld9e,1567001562
106,cwl0ai,1566999819
107,cwkllj,1566997788
108,cwkk04,1566997569
109,cwicdh,1566984282
110,cwhytl,1566981416
111,cwhxtv,1566981185
112,cwhvsu,1566980739
113,cwhad6,1566976303
114,cwh5p4,1566975380
115,cwh4u6,1566975194
116,cwh49u,1566975086
117,cwh2g7,1566974712
118,cwg6al,1566968495
119,cwfl62,1566964854
120,cwevka,1566960752
121,cwdrax,1566955070
122,cwdhl2,1566953700
123,cwcgzz,1566948606
124,cwcghp,1566948533
125,cw8cdx,1566930068
126,cw88e9,1566929553
127,cw7b8c,1566925466
128,cw787g,1566925100
129,cw6woa,1566923664
130,cw6j6m,1566922034
131,cw6cmv,1566921225
132,cw5hv9,1566917409
133,cw4mmz,1566913330
134,cw4ab5,1566911620
135,cw46eb,1566911086
136,cw38fn,1566906082
137,cw1thh,1566896953
138,cw192y,1566892608
139,cw0w7r,1566889959
140,cvyqxx,1566876287
141,cvy01m,1566872296
142,cvtu0f,1566852244
143,cvtsky,1566852062
144,cvtr3m,1566851869
145,cvssut,1566847686
146,cvsek0,1566845934
147,cvs50v,1566844727
148,cvrkwq,1566842250
149,cvrcm4,1566841228
150,cvqx3u,1566839313
151,cvpijc,1566833045
152,cvocez,1566827390
153,cvn8ga,1566821529
154,cvmbij,1566816009
155,cvkv3t,1566805193
156,cvkb9x,1566801093
157,cvjl17,1566795967
158,cvja4u,1566793963
159,cvj3z8,1566792963
160,cvicys,1566788385
161,cvgzm3,1566780958
162,cvfmfr,1566773850
163,cvfczv,1566772560
164,cvefng,1566768092
165,cvc1vi,1566757095
166,cvb6m4,1566753134
167,cvb4he,1566752857
168,cvaxov,1566751982
169,cv8tsz,1566741593
170,cv8ncl,1566740588
171,cv7ces,1566732200
172,cv78wu,1566731465
173,cv6js4,1566725881
174,cv6e8k,1566724614
175,cv5t0s,1566719747
176,cv1hm2,1566693207
177,cv193p,1566691955
178,cv1936,1566691954
179,cv192w,1566691953
180,cuzoq5,1566683713
181,cuzahi,1566681719
182,cuyj6c,1566677984
183,cuy98t,1566676658
184,cuxwln,1566674933
185,cuus40,1566660609
186,cut6zu,1566652181
187,cuogmn,1566617990
188,culzn2,1566604156
189,cukz3e,1566599220
190,cukvq3,1566598802
191,cujk00,1566592647
192,cuj6vu,1566590989
193,cuj66z,1566590903
194,cuio5q,1566588650
195,cuih8y,1566587758
196,cuhnj5,1566584018
197,cuh3ls,1566581616
198,cuh3kh,1566581612
199,cug76w,1566577587
200,cufsce,1566575778
201,cuezfo,1566572099
202,cue5h3,1566568152
203,cucyih,1566561996
204,cuc83x,1566557568
205,cuc5mc,1566557088
206,cubzt3,1566556018
207,cubiy5,1566552838
208,cub67e,1566550315
209,cub2j7,1566549513
210,cu8fhz,1566531830
211,cu6e4e,1566520820
212,cu64ij,1566519458
213,cu2hrp,1566502878
214,cu1slm,1566499842
215,cu1d3f,1566497982
216,cu1a92,1566497634
217,ctzu9t,1566491429
218,ctzrft,1566491073
219,ctzibr,1566489962
220,ctzi8p,1566489952
221,ctzf8h,1566489584
222,ctzaez,1566489010
223,ctz2c1,1566488024
224,ctyzyz,1566487718
225,ctyqtl,1566486565
226,ctymo0,1566486071
227,ctxs3c,1566482104
228,ctxdmd,1566480169
229,ctx7ks,1566479346
230,ctx7i5,1566479334
231,ctx32l,1566478733
232,ctwroi,1566477048
233,ctvts5,1566471816
234,ctvmt5,1566470557
235,ctvebx,1566469005
236,ctsqlo,1566450335
237,ctskn0,1566449273
238,cts9l3,1566447387
239,cts54n,1566446653
240,cts3vj,1566446455
241,ctpo24,1566433617
242,ctpllk,1566433278
243,ctpk1l,1566433063
244,ctort8,1566429175
245,ctnxxq,1566425353
246,ctn9ft,1566422386
247,ctmk4f,1566419313
248,ctm3mb,1566417362
249,ctlo4m,1566415479
250,ctkr9o,1566411571
251,ctkleg,1566410860
252,ctkc9w,1566409770
253,ctk7yt,1566409253
254,ctik3u,1566402112
255,ctgwo0,1566394329
256,ctfxq7,1566389354
257,ctfwml,1566389190
258,ctfulu,1566388888
259,ctef8o,1566379850
260,ctcobh,1566367475
261,ctbudf,1566362160
262,ctbt6i,1566361960
263,ctalx8,1566355286
264,cta4wz,1566352899
265,ct91zv,1566347663
266,ct8n25,1566345681
267,ct8h6q,1566344926
268,ct7ex2,1566339988
269,ct61yx,1566334606
270,ct5i66,1566332574
271,ct51rc,1566330914
272,ct3aei,1566324432
273,ct2lgy,1566321869
274,ct2ki9,1566321775
275,ct21qr,1566319868
276,ct1j6y,1566317968
277,ct1aiv,1566317094
278,csz52b,1566308921
279,csyiuy,1566306496
280,csxj61,1566302382
281,csvue5,1566294376
282,csv07w,1566289995
283,cstxna,1566284229
284,css6rp,1566271540
285,csqz0c,1566264845
286,csqx0y,1566264577
287,csqqtz,1566263689
288,csp2ti,1566256308
289,csovy4,1566255380
290,csotix,1566255068
291,csnvoh,1566250922
292,csno5o,1566249979
293,csmjus,1566245209
294,csji8k,1566232380
295,csixuw,1566229966
296,csivii,1566229680
297,csisgi,1566229317
298,csibcy,1566227196
299,csiaoa,1566227110
300,csi7s1,1566226763
301,csi56v,1566226418
302,csh82r,1566222021
303,csgn46,1566219000
304,csftgj,1566214287
305,csfem4,1566211672
306,csetjg,1566207724
307,cse3lx,1566202407
308,csdbst,1566196792
309,csdb8i,1566196679
310,cscem3,1566190662
311,csbqlx,1566186574
312,csbn3a,1566186013
313,csafou,1566179274
314,cs9l6a,1566174750
315,cs785e,1566162983
316,cs6zil,1566161866
317,cs6y19,1566161679
318,cs60f7,1566157411
319,cs4a4d,1566149773
320,cs3gmy,1566146179
321,cs3c1p,1566145605
322,cs324n,1566144358
323,cs2z97,1566143999
324,cs2087,1566139290
325,cs2017,1566139260
326,crzpcn,1566124830
327,crzobz,1566124581
328,crzg5d,1566122846
329,crze2l,1566122406
330,crz7r7,1566120940
331,cryuqd,1566118004
332,crxwny,1566110229
333,crwnov,1566101582
334,crvggv,1566094469
335,crut93,1566090785
336,crtqra,1566084991
337,crt70y,1566082136
338,crt1y3,1566081396
339,crrvbj,1566075580
340,crrig6,1566073881
341,crph20,1566064383
342,crp4wj,1566062927
343,crowgl,1566061987
344,cror9d,1566061256
345,crmv0k,1566052384
346,crkpyv,1566039118
347,crkol9,1566038818
348,crk17z,1566034109
349,crhc5i,1566014967
350,crdmqn,1565994875
351,crd3lz,1565992412
352,crd0vc,1565992051
353,crcrs4,1565990882
354,crcdhh,1565989038
355,crbx6p,1565986939
356,crbgm9,1565984828
357,crbekc,1565984554
358,crbebb,1565984520
359,cra162,1565978349
360,cr8xtr,1565973641
361,cr8r2q,1565972839
362,cr8r2g,1565972838
363,cr828g,1565969837
364,cr7xd7,1565969293
365,cr7m7t,1565967956
366,cr78jp,1565966248
367,cr6tyi,1565964390
368,cr6twu,1565964384
369,cr69g2,1565961585
370,cr623t,1565960566
371,cr5p4m,1565958632
372,cr5jh5,1565957750
373,cr5exv,1565957056
374,cr4j9p,1565951485
375,cr2ett,1565936453
376,cr2cr0,1565936067
377,cr10p9,1565928057
378,cr0prs,1565926358
379,cqzwuh,1565921914
380,cqya33,1565913577
381,cqwpf0,1565906268
382,cqw8jw,1565904131
383,cqw8a3,1565904095
384,cqvidk,1565900946
385,cqvcnt,1565900256
386,cqv5v5,1565899423
387,cqv2zy,1565899078
388,cqtt8a,1565893621
389,cqrgv4,1565883381
390,cqq32u,1565877000
391,cqptxs,1565875727
392,cqprhk,1565875390
393,cqpbjn,1565873059
394,cqon87,1565869124
395,cqmjce,1565853226
396,cqkbwa,1565838605
397,cqj7p0,1565832731
398,cqj6ef,1565832540
399,cqhz15,1565826396
400,cqhnet,1565824788
401,cqh0a0,1565821720
402,cqgl5d,1565819829
403,cqggne,1565819266
404,cqgd9r,1565818834
405,cqfhvr,1565814991
406,cqfhcn,1565814928
407,cqeugo,1565812120
408,cqdwsy,1565808105
409,cqdscm,1565807591
410,cqdokl,1565807133
411,cqd5jb,1565804869
412,cqcxyx,1565803961
413,cqbzg8,1565799762
414,cqbx88,1565799510
415,cqbs7i,1565798911
416,cqbivr,1565797797
417,cqbgv2,1565797569
418,cqaum5,1565794846
419,cqahe2,1565793165
420,cqa5eg,1565791599
421,cq9ol2,1565789377
422,cq8vnn,1565785138
423,cq7d9a,1565775523
424,cq70rc,1565772981
425,cq61ml,1565765685
426,cq4w55,1565758069
427,cq3cy4,1565749429
428,cq3ba8,1565749185
429,cq35e9,1565748322
430,cq306g,1565747591
431,cq21nk,1565742603
432,cq21mc,1565742597
433,cq113a,1565737554
434,cq0uxs,1565736766
435,cq0oct,1565735943
436,cq0l76,1565735543
437,cq0b1i,1565734235
438,cq07et,1565733788
439,cq039j,1565733256
440,cpzsz9,1565732007
441,cpznag,1565731300
442,cpyqpv,1565727408
443,cpyk3f,1565726626
444,cpyeyk,1565726029
445,cpy20l,1565724531
446,cpws37,1565719040
447,cpwlo6,1565718284
448,cpwhbq,1565717764
449,cpvxij,1565715451
450,cpvsse,1565714886
451,cpvmcs,1565714130
452,cpvit2,1565713717
453,cpvent,1565713197
454,cpv2ae,1565711703
455,cpuslc,1565710531
456,cpu3wa,1565707506
457,cptn5a,1565705310
458,cpt19e,1565702324
459,cpsaj2,1565698461
460,cppx2s,1565682799
461,cpp9dy,1565678192
462,cpniee,1565667441
463,cpmqat,1565663397
464,cpm3x2,1565660422
465,cpm2h0,1565660242
466,cpl34y,1565655392
467,cpk8sx,1565651330
468,cpjp74,1565648777
469,cpixdg,1565645366
470,cpi1ha,1565641461
471,cphq8h,1565640135
472,cphdzr,1565638649
473,cpgsdi,1565636104
474,cpg8lm,1565633739
475,cpfwi7,1565632334
476,cpfe0e,1565630119
477,cpdz75,1565624070
478,cpdnft,1565622609
479,cpd7co,1565620564
480,cpd0je,1565619648
481,cpcxwx,1565619295
482,cpcswg,1565618642
483,cpcn32,1565617817
484,cpc0la,1565614599
485,cpb6ov,1565609880
486,cpb0mr,1565608818
487,cpaafu,1565604022
488,cp797w,1565583019
489,cp5xn0,1565575704
490,cp4xhm,1565570308
491,cp4pxb,1565569183
492,cp4psf,1565569166
493,cp38x0,1565561630
494,cp2qag,1565559172
495,cp29nl,1565557060
496,cp20n9,1565555845
497,cp1tjp,1565554929
498,cp0wey,1565550615
499,cp02wh,1565546836
500,cozfg7,1565543796
501,cozepy,1565543688
502,coz8um,1565542944
503,coyx48,1565541372
504,coyqkl,1565540514
505,coyfkl,1565539066
506,coxtgd,1565536060
507,coxpza,1565535584
508,coxpu7,1565535564
509,coveig,1565520958
510,cov1xf,1565518091
511,coutao,1565516050
512,cou9c4,1565511276
513,cotr4d,1565507112
514,cosrot,1565499858
515,cosn9y,1565499070
516,cosi9f,1565498153
517,cor7xv,1565490439
518,coqii6,1565486302
519,coq79n,1565484536
520,copn2h,1565481351
521,coo3lb,1565473386
522,colghp,1565460585
523,coktzq,1565457616
524,cokqkn,1565457163
525,cok9gz,1565454952
526,coj2e9,1565449169
527,coj1rb,1565449071
528,coiuz8,1565448080
529,coikwz,1565446623
530,coi3j0,1565444053
531,cohpsk,1565441916
532,cohp10,1565441794
533,cogf46,1565432795
534,cofw7j,1565428639
535,codjpi,1565411684
536,cod2et,1565408775
537,cocyqe,1565408161
538,cocyim,1565408128
539,cobwht,1565401995
540,cobssa,1565401412
541,cobshx,1565401367
542,cobcxj,1565398941
543,co95n4,1565387635
544,co8lrw,1565385074
545,co8i72,1565384615
546,co7v9q,1565381749
547,co7g0l,1565379846
548,co6zs3,1565377831
549,co6wme,1565377440
550,co5uky,1565372836
551,co568x,1565369959
552,co4yuo,1565369047
553,co3wvr,1565364477
554,co2re4,1565359216
555,co2omv,1565358828
556,co2hre,1565357881
557,co2cgr,1565357159
558,co2b6n,1565356970
559,co26ft,1565356304
560,co14i2,1565350422
561,cnzl40,1565340192
562,cnyvat,1565334900
563,cnxl4p,1565326573
564,cnx7hx,1565324302
565,cnvtk0,1565316802
566,cnufhn,1565309601
567,cnthkf,1565304944
568,cnsvle,1565302070
569,cnqo5t,1565292555
570,cnqh47,1565291718
571,cnp5u6,1565286144
572,cnotkc,1565284687
573,cnoetp,1565282983
574,cnod6b,1565282797
575,cno9g0,1565282346
576,cnm114,1565272147
577,cnlx9v,1565271647
578,cnl7wr,1565268116
579,cnl5zc,1565267840
580,cnk701,1565262394
581,cnk468,1565261938
582,cnhlth,1565244687
583,cnf0y1,1565229300
584,cne66o,1565224556
585,cndbts,1565220067
586,cnd1j9,1565218633
587,cnbtao,1565212673
588,cnbohl,1565212038
589,cnbeah,1565210731
590,cnax40,1565208538
591,cnatp4,1565208129
592,cnacld,1565205976
593,cn9jw3,1565202328
594,cn96eb,1565200657
595,cn948g,1565200387
596,cn8nej,1565198268
597,cn8acc,1565196624
598,cn7yvb,1565195100
599,cn7oaf,1565193751
600,cn7ma7,1565193500
601,cn4lry,1565177504
602,cn46tv,1565174630
603,cn3lyf,1565170438
604,cn3lrq,1565170397
605,cn2zg9,1565165321
606,cn1z4z,1565157738
607,cn0yv2,1565150965
608,cn0ind,1565148183
609,cmwyz0,1565129468
610,cmwy1c,1565129342
611,cmw0sb,1565124747
612,cmuedx,1565116291
613,cmtvfb,1565113879
614,cmtn2o,1565112826
615,cmtil8,1565112248
616,cms9b0,1565106423
617,cms1jq,1565105394
618,cmrpe0,1565103781
619,cmr0nm,1565100372
620,cmowyk,1565087746
621,cmo6p8,1565082177
622,cmnjzy,1565076987
623,cmnjty,1565076954
624,cmme3v,1565068493
625,cmij7a,1565046523
626,cmhmkt,1565042117
627,cmhaxu,1565040642
628,cmgen8,1565036620
629,cmfh50,1565032578
630,cmfam3,1565031787
631,cmebq4,1565027496
632,cmbnwj,1565015329
633,cmbffc,1565014118
634,cm87eh,1564992688
635,cm7c2z,1564986118
636,cm7bh2,1564986007
637,cm53kl,1564972037
638,cm1g35,1564951914
639,cm0kql,1564947513
640,clzi3i,1564942282
641,clzg50,1564942020
642,clz9kv,1564941147
643,clz4ic,1564940439
644,clx0ro,1564929638
645,clvsbs,1564921795
646,clvrdw,1564921597
647,clup8h,1564912630
648,cls259,1564891306
649,clrg28,1564887224
650,clpves,1564877685
651,clpdsn,1564874725
652,clo8lk,1564868421
653,clo1xm,1564867424
654,clo1pw,1564867393
655,clni12,1564864463
656,clmsas,1564860745
657,clmp48,1564860276
658,clm2j4,1564857049
659,cll5s6,1564852302
660,cll04s,1564851493
661,cljn2s,1564844265
662,clj5zy,1564841469
663,cli8u0,1564835507
664,clh2h2,1564825902
665,clgfbg,1564820105
666,clg5z7,1564817895
667,clfua7,1564815232
668,clexpv,1564808503
669,clewes,1564808248
670,clertg,1564807368
671,clermj,1564807330
672,clei9r,1564805627
673,cle483,1564803197
674,clciry,1564793639
675,clc36h,1564791160
676,claypi,1564785082
677,clawqy,1564784789
678,cl9vhv,1564779717
679,cl7i6q,1564768500
680,cl7ax2,1564767598
681,cl6uwo,1564765544
682,cl6fac,1564763555
683,cl63gg,1564762026
684,cl3c2g,1564748216
685,ckwplg,1564705314
686,ckwev1,1564703759
687,ckw6i5,1564702550
688,ckv93t,1564697951
689,ckul1w,1564694764
690,cktu6e,1564691299
691,cks6cn,1564683780
692,ckrkj4,1564681035
693,ckrfq1,1564680434
694,ckr01r,1564678490
695,ckpxgg,1564673652
696,ckpo7x,1564672455
697,ckpjj2,1564671866
698,ckpjgp,1564671858
699,ckp5hy,1564669999
700,cko841,1564665248
701,cknq63,1564662497
702,ckn5tw,1564659173
703,ckmdm5,1564653987
704,cklu12,1564650071
705,ckkuk4,1564642624
706,ckko2x,1564641335
